rudder_min,heading_min,first_compliance,compliance_ratio,anti_ratio,verdict
0.05,5.0,3,0.624,0.072,BLIND_SPOT_NO_RISK_EVENT
0.05,10.0,3,0.512,0.000,BLIND_SPOT_NO_RISK_EVENT
0.05,15.0,3,0.432,0.000,BLIND_SPOT_NO_RISK_EVENT
0.05,20.0,3,0.384,0.000,BLIND_SPOT_NO_RISK_EVENT
0.05,30.0,3,0.336,0.000,BLIND_SPOT_NO_RISK_EVENT
0.10,5.0,3,0.624,0.072,BLIND_SPOT_NO_RISK_EVENT
0.10,10.0,3,0.512,0.000,BLIND_SPOT_NO_RISK_EVENT
0.10,15.0,3,0.432,0.000,BLIND_SPOT_NO_RISK_EVENT
0.10,20.0,3,0.384,0.000,BLIND_SPOT_NO_RISK_EVENT
0.10,30.0,3,0.336,0.000,BLIND_SPOT_NO_RISK_EVENT
0.15,5.0,5,0.608,0.072,BLIND_SPOT_NO_RISK_EVENT
0.15,10.0,5,0.496,0.000,BLIND_SPOT_NO_RISK_EVENT
0.15,15.0,5,0.416,0.000,BLIND_SPOT_NO_RISK_EVENT
0.15,20.0,5,0.368,0.000,BLIND_SPOT_NO_RISK_EVENT
0.15,30.0,5,0.320,0.000,BLIND_SPOT_NO_RISK_EVENT
0.25,5.0,7,0.592,0.072,BLIND_SPOT_NO_RISK_EVENT
0.25,10.0,9,0.464,0.000,BLIND_SPOT_NO_RISK_EVENT
0.25,15.0,9,0.384,0.000,BLIND_SPOT_NO_RISK_EVENT
0.25,20.0,11,0.320,0.000,BLIND_SPOT_NO_RISK_EVENT
0.25,30.0,13,0.256,0.000,BLIND_SPOT_NO_RISK_EVENT
0.35,5.0,7,0.592,0.072,BLIND_SPOT_NO_RISK_EVENT
0.35,10.0,9,0.464,0.000,BLIND_SPOT_NO_RISK_EVENT
0.35,15.0,9,0.384,0.000,BLIND_SPOT_NO_RISK_EVENT
0.35,20.0,11,0.320,0.000,BLIND_SPOT_NO_RISK_EVENT
0.35,30.0,13,0.256,0.000,BLIND_SPOT_NO_RISK_EVENT